PolicyID,PolicyType,PremiumAmount,PolicyStartDate,PolicyEndDate
P0001,Life,23233,2024-03-29,2030-11-29
P0002,Vehicle,22669,2024-11-10,2031-07-27
P0003,Vehicle,12332,2024-06-12,2033-11-27
P0004,Vehicle,40234,2024-12-27,2028-08-24
P0005,Vehicle,13079,2024-08-20,2027-02-27
P0006,Health,6394,2024-08-20,2028-08-13
P0007,Life,41696,2024-11-24,2030-08-30
P0008,Health,30149,2024-03-02,2034-01-05
P0009,Life,7301,2024-05-18,2034-01-28
P0010,Health,43708,2024-04-13,2028-09-13
P0011,Life,9260,2024-09-14,2034-03-23
P0012,Health,40938,2024-09-16,2031-03-30
P0013,Life,28536,2024-08-28,2030-08-17
P0014,Life,20337,2024-09-19,2028-03-18
P0015,Vehicle,36122,2024-04-19,2029-11-01
P0016,Vehicle,11179,2024-08-18,2025-10-14
P0017,Health,44652,2024-04-29,2033-05-15
P0018,Health,27879,2024-01-07,2031-12-31
P0019,Life,32468,2024-04-08,2031-01-06
P0020,Life,13370,2024-01-12,2027-02-13
P0021,Vehicle,22334,2024-07-21,2027-01-17
P0022,Vehicle,9444,2024-03-26,2025-09-03
P0023,Health,10570,2024-12-01,2027-10-29
P0024,Life,47753,2024-11-08,2026-03-30
P0025,Vehicle,13778,2024-07-01,2030-07-19
P0026,Vehicle,9344,2024-01-04,2028-01-07
P0027,Life,37423,2024-01-11,2025-08-29
P0028,Life,22833,2024-12-19,2032-08-07
P0029,Health,15456,2024-02-21,2031-06-23
P0030,Health,41099,2024-05-18,2029-07-16
P0031,Health,45723,2024-11-25,2026-09-29
P0032,Life,25287,2024-09-04,2033-09-08
P0033,Health,14450,2024-02-20,2032-04-01
P0034,Vehicle,6845,2024-05-21,2031-06-27
P0035,Life,41570,2024-10-27,2034-01-03
P0036,Life,30544,2024-08-31,2027-05-11
P0037,Vehicle,18414,2024-05-10,2031-10-18
P0038,Vehicle,10120,2024-04-03,2027-03-30
P0039,Health,17158,2024-09-10,2029-01-14
P0040,Vehicle,47315,2024-05-28,2025-07-24
P0041,Health,32473,2024-12-10,2028-05-04
P0042,Life,45754,2024-02-21,2026-05-07
P0043,Health,25019,2024-01-27,2025-06-20
P0044,Vehicle,11502,2024-07-14,2031-06-06
P0045,Health,8293,2024-12-18,2030-03-29
P0046,Health,40792,2024-08-31,2025-10-19
P0047,Life,47781,2024-07-23,2030-08-03
P0048,Health,7303,2024-03-27,2025-11-11
P0049,Vehicle,20495,2024-01-17,2031-09-17
P0050,Life,13882,2024-07-19,2030-03-11
P0051,Vehicle,17883,2024-02-05,2031-07-02
P0052,Life,7043,2024-07-28,2031-09-02
P0053,Vehicle,36181,2024-01-06,2028-10-24
P0054,Health,8927,2024-11-05,2029-05-10
P0055,Health,13949,2024-02-19,2030-09-07
P0056,Life,5807,2024-06-19,2034-05-31
P0057,Vehicle,19168,2024-01-14,2033-12-27
P0058,Health,17419,2024-11-11,2031-01-14
P0059,Vehicle,16250,2024-01-18,2032-05-20
P0060,Health,18382,2024-03-23,2026-04-10
P0061,Life,7703,2024-10-03,2030-01-09
P0062,Health,47931,2024-09-17,2031-01-04
P0063,Health,17165,2024-07-18,2031-02-07
P0064,Vehicle,25723,2024-03-02,2025-06-12
P0065,Vehicle,31706,2024-12-29,2034-09-01
P0066,Health,42321,2024-02-27,2030-09-19
P0067,Health,36061,2024-03-26,2031-05-15
P0068,Vehicle,25079,2024-01-04,2030-02-08
P0069,Health,14483,2024-05-05,2029-11-27
P0070,Vehicle,24210,2024-04-25,2033-10-31
P0071,Vehicle,14451,2024-03-08,2027-03-30
P0072,Vehicle,6009,2024-02-17,2032-05-23
P0073,Health,19068,2024-03-14,2029-01-14
P0074,Health,14300,2024-10-27,2028-11-05
P0075,Health,43229,2024-12-06,2034-02-13
P0076,Life,34234,2024-05-19,2028-10-19
P0077,Vehicle,45437,2024-08-30,2027-09-07
P0078,Life,16968,2024-01-12,2027-05-13
P0079,Life,28142,2024-08-03,2032-10-12
P0080,Health,13555,2024-06-10,2026-07-01
P0081,Health,47699,2024-08-28,2030-03-30
P0082,Vehicle,41516,2024-08-26,2032-05-29
P0083,Health,22717,2024-01-13,2032-08-16
P0084,Vehicle,43295,2024-06-25,2033-03-29
P0085,Health,30052,2024-10-03,2029-09-08
P0086,Health,11966,2024-01-19,2026-07-10
P0087,Health,25949,2024-10-21,2033-04-15
P0088,Health,16188,2024-10-01,2032-04-08
P0089,Vehicle,23712,2024-08-08,2031-08-30
P0090,Vehicle,21731,2024-11-06,2031-11-09
P0091,Vehicle,38665,2024-09-02,2031-11-27
P0092,Health,19017,2024-12-11,2030-09-01
P0093,Health,5633,2024-08-25,2029-11-25
P0094,Vehicle,25444,2024-09-13,2031-08-05
P0095,Health,38500,2024-08-21,2028-07-16
P0096,Life,41535,2024-04-28,2030-03-28
P0097,Health,42479,2024-02-15,2031-06-15
P0098,Vehicle,45613,2024-01-17,2030-07-18
P0099,Health,33651,2024-10-17,2027-04-05
P0100,Health,31454,2024-06-02,2025-11-27
P0101,Life,39674,2024-10-19,2034-01-23
P0102,Life,45981,2024-04-13,2029-09-08
P0103,Vehicle,20103,2024-03-06,2027-05-23
P0104,Vehicle,38414,2024-05-22,2031-06-13
P0105,Vehicle,7560,2024-08-11,2028-08-22
P0106,Health,19680,2024-09-15,2027-06-23
P0107,Vehicle,25877,2024-10-20,2031-09-20
P0108,Health,14701,2024-05-20,2030-03-23
P0109,Health,9320,2024-12-31,2026-02-08
P0110,Life,37221,2024-03-26,2027-06-20
P0111,Health,5953,2024-12-17,2034-04-15
P0112,Health,18640,2024-07-02,2029-03-09
P0113,Health,6351,2024-04-21,2025-04-29
P0114,Life,29700,2024-01-10,2031-03-05
P0115,Vehicle,31431,2024-05-07,2034-03-30
P0116,Life,12289,2024-08-20,2028-04-26
P0117,Health,38826,2024-11-09,2025-11-28
P0118,Life,10897,2024-09-23,2032-02-20
P0119,Health,31620,2024-03-03,2027-12-30
P0120,Life,11051,2024-01-02,2025-04-05
P0121,Life,46141,2024-07-15,2031-11-26
P0122,Health,49925,2024-03-18,2027-11-05
P0123,Vehicle,43140,2024-09-10,2027-12-14
P0124,Life,35135,2024-12-10,2031-11-27
P0125,Vehicle,5583,2024-11-12,2026-05-14
P0126,Life,27075,2024-10-04,2034-09-03
P0127,Health,40888,2024-06-02,2031-07-06
P0128,Vehicle,30461,2024-08-05,2030-12-23
P0129,Health,6511,2024-05-05,2025-10-18
P0130,Life,23175,2024-11-01,2032-06-11
P0131,Health,33479,2024-12-16,2028-05-31
P0132,Life,21011,2024-03-01,2026-04-01
P0133,Health,39300,2024-08-16,2026-07-19
P0134,Health,48394,2024-02-13,2028-09-07
P0135,Life,29207,2024-11-05,2032-01-27
P0136,Vehicle,37849,2024-12-21,2028-11-16
P0137,Life,25253,2024-03-13,2033-09-16
P0138,Health,46675,2024-03-17,2025-05-30
P0139,Health,9483,2024-05-13,2032-10-25
P0140,Vehicle,20674,2024-07-04,2027-10-15
P0141,Vehicle,6964,2024-05-22,2030-01-07
P0142,Vehicle,42667,2024-08-16,2029-03-25
P0143,Vehicle,23571,2024-11-06,2032-07-18
P0144,Vehicle,31504,2024-10-24,2033-09-15
P0145,Health,8517,2024-08-09,2030-07-22
P0146,Life,14040,2024-02-18,2025-10-14
P0147,Life,6050,2024-05-16,2032-08-04
P0148,Life,11003,2024-03-12,2033-02-11
P0149,Health,14029,2024-12-18,2031-08-25
P0150,Life,34277,2024-11-30,2028-05-29
P0151,Vehicle,5073,2024-11-01,2034-06-08
P0152,Health,7207,2024-03-17,2029-08-04
P0153,Life,9589,2024-09-28,2029-08-17
P0154,Life,26283,2024-09-11,2028-08-19
P0155,Health,28495,2024-03-10,2030-06-07
P0156,Vehicle,25419,2024-11-22,2028-01-20
P0157,Vehicle,34781,2024-03-22,2027-09-18
P0158,Vehicle,10714,2024-01-09,2025-02-11
P0159,Health,41701,2024-03-22,2032-03-03
P0160,Life,26758,2024-03-12,2031-05-19
P0161,Health,49998,2024-02-24,2031-04-21
P0162,Life,16579,2024-08-02,2026-05-13
P0163,Vehicle,41992,2024-11-19,2029-07-21
P0164,Life,31055,2024-01-10,2028-03-28
P0165,Health,35451,2024-02-28,2025-07-06
P0166,Health,8629,2024-11-04,2027-10-13
P0167,Vehicle,6542,2024-05-15,2030-02-24
P0168,Health,41802,2024-01-28,2026-01-11
P0169,Health,35033,2024-05-04,2031-03-13
P0170,Health,16519,2024-02-14,2025-06-14
P0171,Life,46100,2024-04-12,2026-09-14
P0172,Vehicle,10870,2024-08-06,2026-05-14
P0173,Life,22333,2024-03-05,2025-07-03
P0174,Vehicle,5755,2024-09-29,2033-10-06
P0175,Vehicle,33522,2024-09-11,2033-12-10
P0176,Life,21944,2024-06-15,2027-12-21
P0177,Life,8014,2024-06-08,2029-09-18
P0178,Health,14458,2024-06-05,2032-10-09
P0179,Health,46550,2024-08-13,2030-04-25
P0180,Health,12017,2024-06-02,2029-09-17
P0181,Vehicle,20505,2024-11-14,2026-11-09
P0182,Vehicle,46020,2024-01-04,2029-02-09
P0183,Vehicle,37231,2024-04-14,2033-06-28
P0184,Health,27919,2024-03-17,2028-02-12
P0185,Health,37189,2024-10-12,2030-07-05
P0186,Health,15694,2024-07-28,2031-07-27
P0187,Health,49524,2024-06-11,2033-12-06
P0188,Life,17010,2024-03-05,2030-04-27
P0189,Health,38383,2024-07-20,2030-08-18
P0190,Life,30390,2024-07-19,2030-03-28
P0191,Vehicle,15003,2024-06-28,2033-04-29
P0192,Health,45724,2024-03-07,2028-04-10
P0193,Life,33966,2024-08-14,2030-03-15
P0194,Life,24231,2024-09-18,2028-09-26
P0195,Health,48410,2024-08-30,2030-11-25
P0196,Health,46884,2024-03-22,2031-09-15
P0197,Health,7392,2024-04-16,2029-05-06
P0198,Life,24877,2024-07-30,2026-10-18
P0199,Vehicle,24748,2024-09-13,2032-01-16
P0200,Health,25526,2024-03-15,2026-08-11
P0201,Vehicle,8515,2024-05-19,2027-09-24
P0202,Vehicle,29799,2024-06-06,2033-07-27
P0203,Health,14883,2024-10-07,2027-06-23
P0204,Life,33365,2024-02-14,2028-11-21
P0205,Life,28349,2024-05-09,2032-02-18
P0206,Vehicle,42672,2024-03-24,2029-03-24
P0207,Vehicle,48248,2024-03-29,2025-06-07
P0208,Vehicle,47127,2024-12-19,2029-01-24
P0209,Health,11624,2024-02-15,2033-09-19
P0210,Life,37313,2024-12-09,2033-11-26
P0211,Life,10263,2024-04-10,2031-05-28
P0212,Vehicle,21323,2024-09-28,2027-05-22
P0213,Vehicle,20302,2024-01-02,2032-07-01
P0214,Vehicle,49378,2024-06-06,2027-12-16
P0215,Vehicle,37797,2024-10-27,2034-09-01
P0216,Life,9244,2024-09-14,2027-09-16
P0217,Vehicle,43449,2024-09-27,2031-07-14
P0218,Health,31552,2024-08-02,2031-08-09
P0219,Health,27761,2024-07-26,2028-06-23
P0220,Health,16910,2024-02-20,2026-04-07
P0221,Vehicle,25381,2024-02-16,2026-12-06
P0222,Life,23282,2024-04-10,2032-08-20
P0223,Life,17221,2024-02-12,2034-02-09
P0224,Health,31309,2024-05-06,2025-09-03
P0225,Life,39595,2024-01-27,2028-07-22
P0226,Health,37549,2024-08-05,2025-08-22
P0227,Life,47064,2024-03-13,2026-04-28
P0228,Health,8830,2024-09-15,2030-01-09
P0229,Health,18214,2024-04-13,2027-02-10
P0230,Vehicle,41094,2024-02-23,2031-10-24
P0231,Life,8243,2024-10-30,2032-10-24
P0232,Vehicle,7125,2024-02-11,2026-02-11
P0233,Vehicle,36119,2024-01-07,2027-05-15
P0234,Health,37530,2024-02-29,2027-11-10
P0235,Vehicle,47744,2024-02-20,2031-10-01
P0236,Health,11878,2024-10-11,2030-06-06
P0237,Vehicle,15196,2024-11-18,2034-05-18
P0238,Life,45425,2024-06-30,2033-02-28
P0239,Life,21932,2024-01-27,2033-03-01
P0240,Life,23670,2024-02-20,2031-08-30
P0241,Life,26538,2024-11-21,2031-02-14
P0242,Life,12895,2024-07-05,2025-08-12
P0243,Vehicle,27329,2024-02-09,2027-06-01
P0244,Life,15855,2024-04-24,2029-02-05
P0245,Health,35968,2024-12-27,2027-04-29
P0246,Life,49302,2024-03-26,2031-06-29
P0247,Life,5226,2024-08-15,2031-06-25
P0248,Vehicle,44239,2024-08-29,2027-03-15
P0249,Health,35667,2024-01-29,2033-02-03
P0250,Health,32967,2024-02-27,2029-10-24
P0251,Life,38553,2024-01-15,2031-03-27
P0252,Life,35800,2024-02-26,2033-11-21
P0253,Health,49357,2024-03-20,2026-09-02
P0254,Life,46532,2024-11-01,2034-05-03
P0255,Vehicle,37139,2024-07-15,2028-05-09
P0256,Health,36795,2024-03-02,2031-03-04
P0257,Health,34321,2024-06-22,2028-01-06
P0258,Health,5457,2024-08-02,2031-11-11
P0259,Vehicle,40850,2024-04-03,2034-03-16
P0260,Life,40981,2024-01-08,2032-07-28
P0261,Vehicle,35508,2024-07-06,2034-04-22
P0262,Health,16122,2024-09-13,2026-01-19
P0263,Life,24212,2024-11-29,2028-10-16
P0264,Health,18977,2024-04-09,2034-03-23
P0265,Health,12965,2024-07-21,2027-08-22
P0266,Health,30195,2024-07-19,2032-02-09
P0267,Vehicle,41142,2024-11-04,2033-05-05
P0268,Vehicle,31110,2024-06-29,2030-08-09
P0269,Health,30489,2024-12-07,2031-03-24
P0270,Life,28364,2024-08-14,2033-04-08
P0271,Life,12759,2024-02-03,2029-12-27
P0272,Vehicle,14308,2024-05-05,2031-10-28
P0273,Health,12565,2024-02-15,2028-09-24
P0274,Health,30453,2024-07-27,2028-11-29
P0275,Vehicle,5632,2024-02-07,2025-02-24
P0276,Vehicle,8042,2024-04-21,2027-07-09
P0277,Vehicle,15259,2024-11-28,2031-10-08
P0278,Life,12373,2024-05-24,2027-10-08
P0279,Health,42872,2024-11-13,2031-11-26
P0280,Life,24191,2024-03-11,2028-06-04
P0281,Health,6545,2024-09-14,2026-06-11
P0282,Health,32858,2024-01-06,2028-05-23
P0283,Health,25735,2024-11-03,2026-09-04
P0284,Health,11614,2024-04-27,2025-11-04
P0285,Vehicle,36212,2024-07-07,2026-04-24
P0286,Life,41048,2024-07-05,2034-01-26
P0287,Vehicle,31494,2024-07-17,2033-05-16
P0288,Health,20144,2024-12-31,2034-11-26
P0289,Vehicle,20248,2024-12-07,2032-10-27
P0290,Health,11125,2024-06-07,2031-08-07
P0291,Health,12765,2024-01-02,2028-08-27
P0292,Vehicle,22011,2024-05-21,2030-12-23
P0293,Life,43352,2024-03-20,2030-09-19
P0294,Vehicle,35963,2024-08-05,2026-12-18
P0295,Vehicle,26033,2024-05-06,2031-07-14
P0296,Life,10004,2024-02-26,2026-09-08
P0297,Vehicle,11454,2024-08-17,2031-02-25
P0298,Life,29386,2024-03-09,2027-10-24
P0299,Life,11452,2024-10-15,2031-05-15
P0300,Vehicle,15142,2024-06-23,2029-07-15
P0301,Health,49003,2024-07-11,2032-09-11
P0302,Health,19882,2024-11-02,2031-01-06
P0303,Health,24374,2024-07-15,2025-09-30
P0304,Life,29235,2024-05-29,2030-04-15
P0305,Vehicle,35707,2024-05-23,2030-02-17
P0306,Vehicle,9237,2024-03-13,2025-08-10
P0307,Health,35191,2024-08-14,2026-10-04
P0308,Life,35398,2024-04-14,2025-12-20
P0309,Vehicle,22273,2024-03-03,2029-03-23
P0310,Life,47022,2024-11-29,2031-04-20
P0311,Life,9010,2024-04-27,2030-09-18
P0312,Vehicle,25843,2024-04-20,2026-05-25
P0313,Life,6045,2024-06-06,2027-12-27
P0314,Vehicle,9777,2024-04-05,2030-03-21
P0315,Vehicle,35082,2024-06-03,2031-01-24
P0316,Vehicle,8264,2024-12-09,2027-12-20
P0317,Health,26779,2024-03-23,2031-07-14
P0318,Vehicle,49908,2024-05-12,2034-01-01
P0319,Health,34548,2024-09-27,2030-04-03
P0320,Life,24677,2024-04-05,2031-06-26
P0321,Vehicle,33089,2024-01-24,2030-02-03
P0322,Health,34184,2024-05-08,2026-11-16
P0323,Life,18557,2024-11-30,2030-02-22
P0324,Health,18534,2024-03-14,2030-07-24
P0325,Life,40945,2024-06-22,2027-10-22
P0326,Vehicle,14067,2024-07-24,2030-11-24
P0327,Health,19279,2024-07-02,2032-04-08
P0328,Life,38026,2024-09-27,2030-07-29
P0329,Health,31636,2024-08-31,2032-06-22
P0330,Health,22252,2024-12-09,2033-09-20
P0331,Vehicle,43752,2024-09-21,2031-08-04
P0332,Health,8770,2024-12-13,2028-07-27
P0333,Vehicle,20421,2024-12-21,2029-09-21
P0334,Vehicle,6664,2024-05-12,2025-06-05
P0335,Life,14488,2024-12-17,2031-11-05
P0336,Life,32401,2024-08-30,2027-11-27
P0337,Life,34450,2024-02-12,2028-10-13
P0338,Health,25596,2024-08-07,2028-06-26
P0339,Life,26080,2024-04-08,2032-11-29
P0340,Health,36043,2024-07-29,2030-08-16
P0341,Vehicle,37755,2024-09-13,2032-05-17
P0342,Vehicle,21691,2024-12-29,2029-10-17
P0343,Health,43449,2024-03-22,2030-02-11
P0344,Health,39535,2024-12-26,2026-04-18
P0345,Health,36251,2024-05-12,2027-01-04
P0346,Life,13535,2024-04-17,2029-10-21
P0347,Health,16813,2024-08-21,2033-10-22
P0348,Health,16497,2024-01-31,2032-12-31
P0349,Vehicle,11769,2024-11-25,2027-07-21
P0350,Health,35460,2024-02-24,2033-09-08
P0351,Vehicle,32913,2024-07-08,2032-10-26
P0352,Vehicle,11986,2024-11-06,2027-03-15
P0353,Health,24302,2024-08-04,2027-06-08
P0354,Life,29376,2024-03-21,2032-02-19
P0355,Vehicle,41207,2024-02-28,2028-05-25
P0356,Life,20249,2024-07-25,2032-01-13
P0357,Health,11787,2024-01-17,2029-03-31
P0358,Health,18587,2024-08-05,2032-01-30
P0359,Health,6939,2024-10-26,2027-10-29
P0360,Vehicle,42266,2024-04-02,2033-08-17
P0361,Health,22441,2024-10-08,2025-12-03
P0362,Vehicle,22605,2024-04-04,2032-11-12
P0363,Health,32676,2024-09-10,2026-07-24
P0364,Health,34529,2024-10-06,2026-01-17
P0365,Health,19158,2024-08-25,2034-03-01
P0366,Health,34206,2024-02-11,2029-08-06
P0367,Life,5706,2024-01-21,2028-11-22
P0368,Life,17994,2024-01-17,2028-04-22
P0369,Vehicle,35070,2024-04-16,2027-05-12
P0370,Vehicle,29689,2024-04-03,2028-02-06
P0371,Health,33873,2024-10-22,2028-04-25
P0372,Vehicle,34071,2024-03-22,2031-07-15
P0373,Life,5349,2024-08-09,2028-04-24
P0374,Life,7130,2024-10-03,2028-03-31
P0375,Vehicle,22046,2024-07-22,2034-01-13
P0376,Vehicle,45355,2024-02-01,2026-11-02
P0377,Vehicle,12125,2024-11-09,2032-01-09
P0378,Health,44630,2024-12-23,2032-09-29
P0379,Vehicle,15354,2024-04-25,2026-09-28
P0380,Life,10702,2024-09-09,2027-09-17
P0381,Health,30402,2024-03-22,2031-08-23
P0382,Life,8129,2024-04-23,2029-03-18
P0383,Life,33130,2024-06-01,2034-01-28
P0384,Vehicle,32510,2024-01-31,2026-06-27
P0385,Life,26700,2024-08-19,2030-01-23
P0386,Health,41239,2024-03-28,2030-04-29
P0387,Vehicle,18461,2024-11-25,2029-04-22
P0388,Vehicle,45857,2024-10-28,2031-04-23
P0389,Vehicle,6533,2024-11-16,2032-06-13
P0390,Health,38139,2024-08-19,2033-09-26
P0391,Vehicle,5182,2024-10-06,2030-08-22
P0392,Vehicle,28814,2024-08-02,2033-12-22
P0393,Health,7922,2024-07-30,2025-10-26
P0394,Life,11768,2024-10-06,2025-11-16
P0395,Life,8044,2024-10-16,2027-09-19
P0396,Health,29340,2024-03-25,2027-04-26
P0397,Life,7134,2024-06-02,2028-02-02
P0398,Life,42514,2024-05-23,2028-04-18
P0399,Health,16360,2024-01-18,2031-08-09
P0400,Health,21204,2024-03-21,2029-02-15
P0401,Health,15995,2024-04-15,2027-03-25
P0402,Health,7669,2024-05-05,2029-05-08
P0403,Life,26717,2024-03-19,2029-05-29
P0404,Health,45513,2024-06-25,2026-02-23
P0405,Vehicle,26532,2024-04-25,2029-02-05
P0406,Health,31530,2024-12-15,2026-04-30
P0407,Life,41717,2024-10-24,2031-06-20
P0408,Health,45880,2024-05-25,2033-03-11
P0409,Health,17631,2024-04-09,2033-09-26
P0410,Health,30828,2024-03-24,2028-07-12
P0411,Vehicle,13667,2024-03-24,2031-11-13
P0412,Health,27729,2024-01-04,2031-01-13
P0413,Life,40282,2024-10-15,2034-02-28
P0414,Health,13278,2024-11-26,2028-06-27
P0415,Vehicle,10928,2024-05-17,2033-10-24
P0416,Health,34119,2024-03-23,2031-09-22
P0417,Life,30743,2024-06-19,2033-11-21
P0418,Life,45290,2024-06-09,2032-04-18
P0419,Health,14348,2024-03-09,2025-10-26
P0420,Vehicle,17981,2024-05-04,2030-11-27
P0421,Vehicle,25249,2024-02-08,2030-07-01
P0422,Vehicle,15489,2024-10-28,2029-12-28
P0423,Vehicle,16944,2024-02-03,2025-04-03
P0424,Vehicle,47003,2024-10-31,2034-07-09
P0425,Health,34369,2024-02-17,2031-06-24
P0426,Health,43401,2024-06-24,2032-06-15
P0427,Vehicle,34251,2024-03-08,2027-03-18
P0428,Health,11545,2024-02-08,2032-12-26
P0429,Health,31265,2024-09-03,2029-11-06
P0430,Vehicle,36028,2024-03-06,2029-12-04
P0431,Life,38337,2024-06-12,2027-02-21
P0432,Vehicle,30106,2024-11-18,2030-05-08
P0433,Life,6664,2024-02-22,2026-09-25
P0434,Health,34397,2024-11-13,2030-08-22
P0435,Health,42426,2024-04-27,2025-08-13
P0436,Life,39933,2024-10-30,2027-08-09
P0437,Health,22726,2024-05-17,2028-11-28
P0438,Health,11939,2024-02-01,2027-03-24
P0439,Life,20091,2024-02-02,2029-01-20
P0440,Health,25827,2024-06-18,2029-06-09
P0441,Health,14147,2024-02-18,2028-03-02
P0442,Life,11885,2024-02-21,2031-08-31
P0443,Life,8235,2024-06-02,2028-01-31
P0444,Vehicle,43750,2024-09-21,2030-09-03
P0445,Health,22100,2024-08-24,2032-10-18
P0446,Health,29534,2024-08-26,2032-06-09
P0447,Vehicle,13604,2024-12-20,2034-04-13
P0448,Life,40733,2024-03-19,2026-04-05
P0449,Vehicle,46175,2024-04-30,2033-04-08
P0450,Life,40369,2024-12-11,2029-07-19
P0451,Health,5486,2024-02-26,2031-10-11
P0452,Life,36660,2024-06-03,2034-01-27
P0453,Vehicle,37290,2024-09-09,2026-02-25
P0454,Life,17994,2024-11-20,2030-03-04
P0455,Health,43594,2024-04-16,2027-12-02
P0456,Vehicle,28218,2024-10-28,2032-01-31
P0457,Life,8746,2024-02-18,2029-02-22
P0458,Vehicle,40579,2024-03-25,2029-01-16
P0459,Vehicle,23018,2024-12-06,2029-03-07
P0460,Vehicle,46716,2024-01-30,2030-11-27
P0461,Vehicle,39556,2024-09-14,2034-07-06
P0462,Life,40486,2024-09-28,2027-11-23
P0463,Vehicle,33655,2024-03-28,2033-12-04
P0464,Vehicle,13845,2024-12-29,2034-11-23
P0465,Health,6178,2024-07-26,2034-05-29
P0466,Vehicle,36605,2024-09-17,2028-09-11
P0467,Life,16028,2024-03-05,2032-07-23
P0468,Health,46788,2024-07-04,2028-12-04
P0469,Vehicle,10252,2024-06-12,2033-09-17
P0470,Health,41401,2024-10-26,2030-03-18
P0471,Health,27961,2024-03-22,2027-02-27
P0472,Health,39949,2024-01-05,2033-06-23
P0473,Life,48495,2024-04-03,2029-03-17
P0474,Health,24652,2024-11-21,2030-06-09
P0475,Life,31947,2024-08-16,2027-07-21
P0476,Vehicle,16814,2024-04-06,2031-11-13
P0477,Health,16110,2024-11-26,2026-01-17
P0478,Vehicle,10714,2024-03-24,2027-12-25
P0479,Life,16469,2024-05-27,2031-10-16
P0480,Health,44681,2024-10-31,2025-12-16
P0481,Vehicle,30848,2024-12-25,2033-04-30
P0482,Vehicle,7605,2024-03-28,2033-01-06
P0483,Vehicle,5016,2024-03-09,2029-10-12
P0484,Health,43057,2024-05-14,2029-03-17
P0485,Health,17131,2024-07-03,2030-04-30
P0486,Vehicle,47402,2024-02-04,2030-06-11
P0487,Life,20178,2024-01-21,2025-04-06
P0488,Health,10531,2024-11-10,2026-09-12
P0489,Health,29296,2024-10-21,2028-04-07
P0490,Life,16641,2024-04-12,2031-04-27
P0491,Vehicle,35387,2024-03-09,2026-12-25
P0492,Life,19561,2024-02-17,2026-02-06
P0493,Life,8065,2024-07-14,2025-08-06
P0494,Life,14408,2024-08-02,2025-10-28
P0495,Life,7442,2024-08-24,2031-02-04
P0496,Vehicle,31229,2024-06-13,2029-12-07
P0497,Life,32393,2024-02-26,2032-11-01
P0498,Vehicle,13506,2024-01-29,2030-05-23
P0499,Health,39453,2024-07-19,2028-09-13
P0500,Health,5965,2024-12-31,2029-12-19
